local_alias	local_canonical	sdcc_canonical	sdcc_compat	upload_target	status
scripts/audit_auau_grl_projection.sh	scripts/sdcc/runtime/audit/audit_auau_grl_projection.sh	scripts/sdcc/runtime/audit/audit_auau_grl_projection.sh	scripts/sdcc/runtime/audit_auau_grl_projection.sh	scripts/sdcc/runtime/audit/audit_auau_grl_projection.sh	compat_or_canonical
scripts/audit_auau_ml_training_smoke.py	scripts/ml/audits/audit_auau_ml_training_smoke.py	scripts/ml/audits/audit_auau_ml_training_smoke.py	scripts/ml/audit_auau_ml_training_smoke.py	scripts/ml/audits/audit_auau_ml_training_smoke.py	compat_or_canonical
scripts/audit_auau_truth_tags.py	scripts/diagnostics/auau_split/audit_auau_truth_tags.py	scripts/diagnostics/auau_split/audit_auau_truth_tags.py	scripts/diagnostics/audit_auau_truth_tags.py	scripts/diagnostics/auau_split/audit_auau_truth_tags.py	compat_or_canonical
scripts/auau_tight_bdt_pipeline.sh	scripts/sdcc/pipelines/auau/auau_tight_bdt_pipeline.sh	scripts/sdcc/pipelines/auau/auau_tight_bdt_pipeline.sh	scripts/sdcc/pipelines/auau_tight_bdt_pipeline.sh	scripts/sdcc/pipelines/auau/auau_tight_bdt_pipeline.sh	hard_alias
scripts/auau_tight_logreg_pipeline.sh	scripts/sdcc/pipelines/auau/auau_tight_logreg_pipeline.sh	scripts/sdcc/pipelines/auau/auau_tight_logreg_pipeline.sh	scripts/sdcc/pipelines/auau_tight_logreg_pipeline.sh	scripts/sdcc/pipelines/auau/auau_tight_logreg_pipeline.sh	hard_alias
scripts/auau_tight_mlp_pipeline.sh	scripts/sdcc/pipelines/auau/auau_tight_mlp_pipeline.sh	scripts/sdcc/pipelines/auau/auau_tight_mlp_pipeline.sh	scripts/sdcc/pipelines/auau_tight_mlp_pipeline.sh	scripts/sdcc/pipelines/auau/auau_tight_mlp_pipeline.sh	hard_alias
scripts/pp_photon_ml_pipeline.sh	scripts/sdcc/pipelines/pp/pp_photon_ml_pipeline.sh	scripts/sdcc/pipelines/pp/pp_photon_ml_pipeline.sh	scripts/sdcc/pipelines/pp_photon_ml_pipeline.sh	scripts/sdcc/pipelines/pp/pp_photon_ml_pipeline.sh	hard_alias
scripts/build_currentian_fast_manifests.py	scripts/data_prep/manifests/build_currentian_fast_manifests.py	scripts/data_prep/manifests/build_currentian_fast_manifests.py	scripts/data_prep/build_currentian_fast_manifests.py	scripts/data_prep/manifests/build_currentian_fast_manifests.py	compat_or_canonical
scripts/compare_pp_currentian_insitu_stitch_contract.py	scripts/diagnostics/pp_shuhang/compare_pp_currentian_insitu_stitch_contract.py	scripts/diagnostics/pp_shuhang/compare_pp_currentian_insitu_stitch_contract.py	scripts/diagnostics/compare_pp_currentian_insitu_stitch_contract.py	scripts/diagnostics/pp_shuhang/compare_pp_currentian_insitu_stitch_contract.py	compat_or_canonical
scripts/make_pp_currentian_insitu_contract_stitch_slides.py	scripts/slides/pp_currentian/stitching/make_pp_currentian_insitu_contract_stitch_slides.py	scripts/slides/pp_currentian/stitching/make_pp_currentian_insitu_contract_stitch_slides.py	scripts/slides/pp_currentian/make_pp_currentian_insitu_contract_stitch_slides.py	scripts/slides/pp_currentian/stitching/make_pp_currentian_insitu_contract_stitch_slides.py	compat_or_canonical
scripts/make_ppg12_fig19_bdt_overlay.py	scripts/plotting/pp_currentian/make_ppg12_fig19_bdt_overlay.py	scripts/plotting/pp_currentian/make_ppg12_fig19_bdt_overlay.py	scripts/plotting/make_ppg12_fig19_bdt_overlay.py	scripts/plotting/pp_currentian/make_ppg12_fig19_bdt_overlay.py	compat_or_canonical
scripts/audit_pp_basev3e_shuhang_equivalence.py	scripts/diagnostics/pp_shuhang/audit_pp_basev3e_shuhang_equivalence.py	scripts/diagnostics/pp_shuhang/audit_pp_basev3e_shuhang_equivalence.py	scripts/diagnostics/audit_pp_basev3e_shuhang_equivalence.py	scripts/diagnostics/pp_shuhang/audit_pp_basev3e_shuhang_equivalence.py	compat_or_canonical
scripts/render_pp_currentian_shuhang_overlay_from_summary.py	scripts/plotting/pp_currentian/render_pp_currentian_shuhang_overlay_from_summary.py	scripts/plotting/pp_currentian/render_pp_currentian_shuhang_overlay_from_summary.py	scripts/plotting/render_pp_currentian_shuhang_overlay_from_summary.py	scripts/plotting/pp_currentian/render_pp_currentian_shuhang_overlay_from_summary.py	compat_or_canonical
scripts/validate_pp_photon_ml_tables.py	scripts/ml/validation/validate_pp_photon_ml_tables.py	scripts/ml/validation/validate_pp_photon_ml_tables.py	scripts/ml/validate_pp_photon_ml_tables.py	scripts/ml/validation/validate_pp_photon_ml_tables.py	compat_or_canonical
scripts/submit_auau_logreg_full_chain.sh	scripts/sdcc/workflows/submit/submit_auau_logreg_full_chain.sh	scripts/sdcc/workflows/submit/submit_auau_logreg_full_chain.sh	scripts/sdcc/workflows/submit_auau_logreg_full_chain.sh	scripts/sdcc/workflows/submit/submit_auau_logreg_full_chain.sh	compat_or_canonical
scripts/estimateEmbeddedPhotonXsec.sh	scripts/sdcc/runtime/xsec/estimateEmbeddedPhotonXsec.sh	scripts/sdcc/runtime/xsec/estimateEmbeddedPhotonXsec.sh	scripts/sdcc/runtime/estimateEmbeddedPhotonXsec.sh	scripts/sdcc/runtime/xsec/estimateEmbeddedPhotonXsec.sh	hard_alias
scripts/extract_focus21_fine_cluster_et_components.py	scripts/data_prep/stitching/extract_focus21_fine_cluster_et_components.py	scripts/data_prep/stitching/extract_focus21_fine_cluster_et_components.py	scripts/data_prep/extract_focus21_fine_cluster_et_components.py	scripts/data_prep/stitching/extract_focus21_fine_cluster_et_components.py	compat_or_canonical
scripts/make_focus21_cluster_et_leakage_slide.py	scripts/slides/working_point/make_focus21_cluster_et_leakage_slide.py	scripts/slides/working_point/make_focus21_cluster_et_leakage_slide.py		scripts/slides/working_point/make_focus21_cluster_et_leakage_slide.py	compat_or_canonical
scripts/make_focus21_inclusive_reco_cluster_et_blair_plot.py	scripts/plotting/stitching/make_focus21_inclusive_reco_cluster_et_blair_plot.py	scripts/plotting/stitching/make_focus21_inclusive_reco_cluster_et_blair_plot.py	scripts/plotting/make_focus21_inclusive_reco_cluster_et_blair_plot.py	scripts/plotting/stitching/make_focus21_inclusive_reco_cluster_et_blair_plot.py	compat_or_canonical
scripts/make_dstListsData.sh	scripts/sdcc/runtime/lists/make_dstListsData.sh	scripts/sdcc/runtime/lists/make_dstListsData.sh	scripts/sdcc/runtime/make_dstListsData.sh	scripts/sdcc/runtime/lists/make_dstListsData.sh	hard_alias
scripts/makeThesisSimLists.sh	scripts/sdcc/runtime/lists/makeThesisSimLists.sh	scripts/sdcc/runtime/lists/makeThesisSimLists.sh	scripts/sdcc/runtime/makeThesisSimLists.sh	scripts/sdcc/runtime/lists/makeThesisSimLists.sh	hard_alias
scripts/sdcc/runtime/lists/makePPG12DoubleSimLists.sh	scripts/sdcc/runtime/lists/makePPG12DoubleSimLists.sh	scripts/sdcc/runtime/lists/makePPG12DoubleSimLists.sh		scripts/sdcc/runtime/lists/makePPG12DoubleSimLists.sh	compat_or_canonical
scripts/mergeRecoilJets.sh	scripts/sdcc/runtime/merge/mergeRecoilJets.sh	scripts/sdcc/runtime/merge/mergeRecoilJets.sh	scripts/sdcc/runtime/mergeRecoilJets.sh	scripts/sdcc/runtime/merge/mergeRecoilJets.sh	hard_alias
scripts/sdcc/runtime/io/recoiljets_io_paths.sh	scripts/sdcc/runtime/io/recoiljets_io_paths.sh	scripts/sdcc/runtime/io/recoiljets_io_paths.sh		scripts/sdcc/runtime/io/recoiljets_io_paths.sh	compat_or_canonical
scripts/recoiljets_cleanup.sh	scripts/sdcc/runtime/cleanup/recoiljets_cleanup.sh	scripts/sdcc/runtime/cleanup/recoiljets_cleanup.sh	scripts/sdcc/runtime/recoiljets_cleanup.sh	scripts/sdcc/runtime/cleanup/recoiljets_cleanup.sh	hard_alias
scripts/root_in_analysis_env.sh	scripts/env/root_in_analysis_env.sh	scripts/env/root_in_analysis_env.sh		scripts/env/root_in_analysis_env.sh	hard_alias
scripts/submit_auau_bdt_widthstudy_pt1530_wp080.sh	scripts/sdcc/workflows/width_study/submit_auau_bdt_widthstudy_pt1530_wp080.sh	scripts/sdcc/workflows/width_study/submit_auau_bdt_widthstudy_pt1530_wp080.sh	scripts/sdcc/workflows/submit_auau_bdt_widthstudy_pt1530_wp080.sh	scripts/sdcc/workflows/width_study/submit_auau_bdt_widthstudy_pt1530_wp080.sh	compat_or_canonical
scripts/submit_auau_bdt_widthstudy_windows_wp050.sh	scripts/sdcc/workflows/width_study/submit_auau_bdt_widthstudy_windows_wp050.sh	scripts/sdcc/workflows/width_study/submit_auau_bdt_widthstudy_windows_wp050.sh	scripts/sdcc/workflows/submit_auau_bdt_widthstudy_windows_wp050.sh	scripts/sdcc/workflows/width_study/submit_auau_bdt_widthstudy_windows_wp050.sh	compat_or_canonical
scripts/merge_auau_bdt_widthstudy_windows_wp050_staged.sh	scripts/sdcc/workflows/width_study/merge_auau_bdt_widthstudy_windows_wp050_staged.sh	scripts/sdcc/workflows/width_study/merge_auau_bdt_widthstudy_windows_wp050_staged.sh	scripts/sdcc/workflows/merge_auau_bdt_widthstudy_windows_wp050_staged.sh	scripts/sdcc/workflows/width_study/merge_auau_bdt_widthstudy_windows_wp050_staged.sh	compat_or_canonical
scripts/merge_auau_bdt_target80_ready.sh	scripts/sdcc/workflows/target_wp/merge_auau_bdt_target80_ready.sh	scripts/sdcc/workflows/target_wp/merge_auau_bdt_target80_ready.sh	scripts/sdcc/workflows/merge_auau_bdt_target80_ready.sh	scripts/sdcc/workflows/target_wp/merge_auau_bdt_target80_ready.sh	compat_or_canonical
scripts/submit_auau_bdt_etfine_centstudy_wp050.sh	scripts/sdcc/workflows/target_wp/submit_auau_bdt_etfine_centstudy_wp050.sh	scripts/sdcc/workflows/target_wp/submit_auau_bdt_etfine_centstudy_wp050.sh	scripts/sdcc/workflows/submit_auau_bdt_etfine_centstudy_wp050.sh	scripts/sdcc/workflows/target_wp/submit_auau_bdt_etfine_centstudy_wp050.sh	compat_or_canonical
scripts/submit_auau_bdt_etfine_centstudy_target80.sh	scripts/sdcc/workflows/target_wp/submit_auau_bdt_etfine_centstudy_target80.sh	scripts/sdcc/workflows/target_wp/submit_auau_bdt_etfine_centstudy_target80.sh	scripts/sdcc/workflows/submit_auau_bdt_etfine_centstudy_target80.sh	scripts/sdcc/workflows/target_wp/submit_auau_bdt_etfine_centstudy_target80.sh	compat_or_canonical
scripts/submit_auau_bdt_targetwp_pair.sh	scripts/sdcc/workflows/target_wp/submit_auau_bdt_targetwp_pair.sh	scripts/sdcc/workflows/target_wp/submit_auau_bdt_targetwp_pair.sh	scripts/sdcc/workflows/submit_auau_bdt_targetwp_pair.sh	scripts/sdcc/workflows/target_wp/submit_auau_bdt_targetwp_pair.sh	compat_or_canonical
scripts/submit_auau_logreg_targetwp_pair.sh	scripts/sdcc/workflows/target_wp/submit_auau_logreg_targetwp_pair.sh	scripts/sdcc/workflows/target_wp/submit_auau_logreg_targetwp_pair.sh	scripts/sdcc/workflows/submit_auau_logreg_targetwp_pair.sh	scripts/sdcc/workflows/target_wp/submit_auau_logreg_targetwp_pair.sh	compat_or_canonical
scripts/submit_auau_bdt_target80_config_dir.sh	scripts/sdcc/workflows/target_wp/submit_auau_bdt_target80_config_dir.sh	scripts/sdcc/workflows/target_wp/submit_auau_bdt_target80_config_dir.sh	scripts/sdcc/workflows/submit_auau_bdt_target80_config_dir.sh	scripts/sdcc/workflows/target_wp/submit_auau_bdt_target80_config_dir.sh	compat_or_canonical
scripts/submit_auau_mlp_targetwp_pair.sh	scripts/sdcc/workflows/target_wp/submit_auau_mlp_targetwp_pair.sh	scripts/sdcc/workflows/target_wp/submit_auau_mlp_targetwp_pair.sh	scripts/sdcc/workflows/submit_auau_mlp_targetwp_pair.sh	scripts/sdcc/workflows/target_wp/submit_auau_mlp_targetwp_pair.sh	compat_or_canonical
scripts/submit_the79_phenix_like_raa_campaign.sh	scripts/sdcc/workflows/submit/submit_the79_phenix_like_raa_campaign.sh	scripts/sdcc/workflows/submit/submit_the79_phenix_like_raa_campaign.sh	scripts/sdcc/workflows/submit_the79_phenix_like_raa_campaign.sh	scripts/sdcc/workflows/submit/submit_the79_phenix_like_raa_campaign.sh	compat_or_canonical
scripts/submit_the96_auau_iso_baseline5pct_campaign.sh	scripts/sdcc/workflows/submit/submit_the96_auau_iso_baseline5pct_campaign.sh	scripts/sdcc/workflows/submit/submit_the96_auau_iso_baseline5pct_campaign.sh	scripts/sdcc/workflows/submit_the96_auau_iso_baseline5pct_campaign.sh	scripts/sdcc/workflows/submit/submit_the96_auau_iso_baseline5pct_campaign.sh	compat_or_canonical
scripts/sdcc/workflows/diagnostics/submit_the95_embedded_pmt_low_calo_diagnostics.sh	scripts/sdcc/workflows/diagnostics/submit_the95_embedded_pmt_low_calo_diagnostics.sh	scripts/sdcc/workflows/diagnostics/submit_the95_embedded_pmt_low_calo_diagnostics.sh		scripts/sdcc/workflows/diagnostics/submit_the95_embedded_pmt_low_calo_diagnostics.sh	canonical
scripts/sdcc/workflows/submit/submit_the98_auau_emcal_phosub_iso_campaign.sh	scripts/sdcc/workflows/submit/submit_the98_auau_emcal_phosub_iso_campaign.sh	scripts/sdcc/workflows/submit/submit_the98_auau_emcal_phosub_iso_campaign.sh	scripts/sdcc/workflows/submit_the98_auau_emcal_phosub_iso_campaign.sh	scripts/sdcc/workflows/submit/submit_the98_auau_emcal_phosub_iso_campaign.sh	canonical
scripts/sdcc/workflows/diagnostics/submit_the100_auau_dualview_campaign.sh	scripts/sdcc/workflows/diagnostics/submit_the100_auau_dualview_campaign.sh	scripts/sdcc/workflows/diagnostics/submit_the100_auau_dualview_campaign.sh	scripts/sdcc/workflows/submit_the100_auau_dualview_campaign.sh	scripts/sdcc/workflows/diagnostics/submit_the100_auau_dualview_campaign.sh	canonical
scripts/diagnostics/auau_bdt/validate_the100_dualview_root.py	scripts/diagnostics/auau_bdt/validate_the100_dualview_root.py	scripts/diagnostics/auau_bdt/validate_the100_dualview_root.py		scripts/diagnostics/auau_bdt/validate_the100_dualview_root.py	canonical
scripts/sdcc/workflows/diagnostics/submit_the102_auau_fig25_correlations.sh	scripts/sdcc/workflows/diagnostics/submit_the102_auau_fig25_correlations.sh	scripts/sdcc/workflows/diagnostics/submit_the102_auau_fig25_correlations.sh		scripts/sdcc/workflows/diagnostics/submit_the102_auau_fig25_correlations.sh	canonical
scripts/diagnostics/auau_bdt/validate_the102_fig25_root.py	scripts/diagnostics/auau_bdt/validate_the102_fig25_root.py	scripts/diagnostics/auau_bdt/validate_the102_fig25_root.py		scripts/diagnostics/auau_bdt/validate_the102_fig25_root.py	canonical
scripts/sdcc/workflows/diagnostics/submit_the104_canonical_minbias_isolation_slides.sh	scripts/sdcc/workflows/diagnostics/submit_the104_canonical_minbias_isolation_slides.sh	scripts/sdcc/workflows/diagnostics/submit_the104_canonical_minbias_isolation_slides.sh		scripts/sdcc/workflows/diagnostics/submit_the104_canonical_minbias_isolation_slides.sh	canonical
scripts/diagnostics/auau_bdt/validate_the104_isolation_root.py	scripts/diagnostics/auau_bdt/validate_the104_isolation_root.py	scripts/diagnostics/auau_bdt/validate_the104_isolation_root.py		scripts/diagnostics/auau_bdt/validate_the104_isolation_root.py	canonical
scripts/heartbeat_the96_auau_iso_baseline5pct_campaign.sh	scripts/sdcc/workflows/submit/heartbeat_the96_auau_iso_baseline5pct_campaign.sh	scripts/sdcc/workflows/submit/heartbeat_the96_auau_iso_baseline5pct_campaign.sh	scripts/sdcc/workflows/heartbeat_the96_auau_iso_baseline5pct_campaign.sh	scripts/sdcc/workflows/submit/heartbeat_the96_auau_iso_baseline5pct_campaign.sh	compat_or_canonical
scripts/check_the79_phenix_like_raa_inputs.py	scripts/diagnostics/ml_validation/check_the79_phenix_like_raa_inputs.py	scripts/diagnostics/ml_validation/check_the79_phenix_like_raa_inputs.py	scripts/diagnostics/check_the79_phenix_like_raa_inputs.py	scripts/diagnostics/ml_validation/check_the79_phenix_like_raa_inputs.py	compat_or_canonical
scripts/submit_auau_mlp_highpt_sweep.sh	scripts/sdcc/workflows/submit/submit_auau_mlp_highpt_sweep.sh	scripts/sdcc/workflows/submit/submit_auau_mlp_highpt_sweep.sh	scripts/sdcc/workflows/submit_auau_mlp_highpt_sweep.sh	scripts/sdcc/workflows/submit/submit_auau_mlp_highpt_sweep.sh	compat_or_canonical
scripts/submit_auau_mlp_kitchensink.sh	scripts/sdcc/workflows/submit/submit_auau_mlp_kitchensink.sh	scripts/sdcc/workflows/submit/submit_auau_mlp_kitchensink.sh	scripts/sdcc/workflows/submit_auau_mlp_kitchensink.sh	scripts/sdcc/workflows/submit/submit_auau_mlp_kitchensink.sh	compat_or_canonical
scripts/submit_auau_mlp_finept_distilled_sweep.sh	scripts/sdcc/workflows/submit/submit_auau_mlp_finept_distilled_sweep.sh	scripts/sdcc/workflows/submit/submit_auau_mlp_finept_distilled_sweep.sh	scripts/sdcc/workflows/submit_auau_mlp_finept_distilled_sweep.sh	scripts/sdcc/workflows/submit/submit_auau_mlp_finept_distilled_sweep.sh	compat_or_canonical
scripts/submit_auau_stacked_bdt_mlp_calibrator.sh	scripts/sdcc/workflows/stacking/submit_auau_stacked_bdt_mlp_calibrator.sh	scripts/sdcc/workflows/stacking/submit_auau_stacked_bdt_mlp_calibrator.sh	scripts/sdcc/workflows/submit_auau_stacked_bdt_mlp_calibrator.sh	scripts/sdcc/workflows/stacking/submit_auau_stacked_bdt_mlp_calibrator.sh	compat_or_canonical
scripts/submit_auau_stacked_bdt_mlp_full_feature_chain.sh	scripts/sdcc/workflows/stacking/submit_auau_stacked_bdt_mlp_full_feature_chain.sh	scripts/sdcc/workflows/stacking/submit_auau_stacked_bdt_mlp_full_feature_chain.sh	scripts/sdcc/workflows/submit_auau_stacked_bdt_mlp_full_feature_chain.sh	scripts/sdcc/workflows/stacking/submit_auau_stacked_bdt_mlp_full_feature_chain.sh	compat_or_canonical
scripts/submit_auau_stacked_bdt_mlp_sweep.sh	scripts/sdcc/workflows/stacking/submit_auau_stacked_bdt_mlp_sweep.sh	scripts/sdcc/workflows/stacking/submit_auau_stacked_bdt_mlp_sweep.sh	scripts/sdcc/workflows/submit_auau_stacked_bdt_mlp_sweep.sh	scripts/sdcc/workflows/stacking/submit_auau_stacked_bdt_mlp_sweep.sh	compat_or_canonical
scripts/submit_auau_stack_matrix_wave.sh	scripts/sdcc/workflows/stacking/submit_auau_stack_matrix_wave.sh	scripts/sdcc/workflows/stacking/submit_auau_stack_matrix_wave.sh	scripts/sdcc/workflows/submit_auau_stack_matrix_wave.sh	scripts/sdcc/workflows/stacking/submit_auau_stack_matrix_wave.sh	compat_or_canonical
scripts/submit_auau_iso_visible_diagnostic_chain.sh	scripts/sdcc/workflows/diagnostics/submit_auau_iso_visible_diagnostic_chain.sh	scripts/sdcc/workflows/diagnostics/submit_auau_iso_visible_diagnostic_chain.sh	scripts/sdcc/workflows/submit_auau_iso_visible_diagnostic_chain.sh	scripts/sdcc/workflows/diagnostics/submit_auau_iso_visible_diagnostic_chain.sh	compat_or_canonical
scripts/sdcc/workflows/diagnostics/submit_the38_tree_depth_capacity_campaign.sh	scripts/sdcc/workflows/diagnostics/submit_the38_tree_depth_capacity_campaign.sh	scripts/sdcc/workflows/diagnostics/submit_the38_tree_depth_capacity_campaign.sh	scripts/sdcc/workflows/submit_the38_tree_depth_capacity_campaign.sh	scripts/sdcc/workflows/diagnostics/submit_the38_tree_depth_capacity_campaign.sh	compat_or_canonical
scripts/sdcc/workflows/diagnostics/submit_the8_corrected_baseline_diagnostic_expansion.sh	scripts/sdcc/workflows/diagnostics/submit_the8_corrected_baseline_diagnostic_expansion.sh	scripts/sdcc/workflows/diagnostics/submit_the8_corrected_baseline_diagnostic_expansion.sh	scripts/sdcc/workflows/submit_the8_corrected_baseline_diagnostic_expansion.sh	scripts/sdcc/workflows/diagnostics/submit_the8_corrected_baseline_diagnostic_expansion.sh	compat_or_canonical
scripts/submit_auau_oof_residual_superstacker.sh	scripts/sdcc/workflows/stacking/submit_auau_oof_residual_superstacker.sh	scripts/sdcc/workflows/stacking/submit_auau_oof_residual_superstacker.sh	scripts/sdcc/workflows/submit_auau_oof_residual_superstacker.sh	scripts/sdcc/workflows/stacking/submit_auau_oof_residual_superstacker.sh	compat_or_canonical
scripts/submit_auau_global_sixpack_oof_stack.sh	scripts/sdcc/workflows/stacking/submit_auau_global_sixpack_oof_stack.sh	scripts/sdcc/workflows/stacking/submit_auau_global_sixpack_oof_stack.sh	scripts/sdcc/workflows/submit_auau_global_sixpack_oof_stack.sh	scripts/sdcc/workflows/stacking/submit_auau_global_sixpack_oof_stack.sh	compat_or_canonical
scripts/submit_fresh_pp_auau_oof_stack_campaign.sh	scripts/sdcc/workflows/stacking/submit_fresh_pp_auau_oof_stack_campaign.sh	scripts/sdcc/workflows/stacking/submit_fresh_pp_auau_oof_stack_campaign.sh	scripts/sdcc/workflows/submit_fresh_pp_auau_oof_stack_campaign.sh	scripts/sdcc/workflows/stacking/submit_fresh_pp_auau_oof_stack_campaign.sh	compat_or_canonical
scripts/submit_fresh_pp_auau_oof_stack_dag_campaign.sh	scripts/sdcc/workflows/stacking/submit_fresh_pp_auau_oof_stack_dag_campaign.sh	scripts/sdcc/workflows/stacking/submit_fresh_pp_auau_oof_stack_dag_campaign.sh	scripts/sdcc/workflows/submit_fresh_pp_auau_oof_stack_dag_campaign.sh	scripts/sdcc/workflows/stacking/submit_fresh_pp_auau_oof_stack_dag_campaign.sh	compat_or_canonical
scripts/auau_bdt_mlp_stack_production_driver.sh	scripts/sdcc/workflows/stacking/auau_bdt_mlp_stack_production_driver.sh	scripts/sdcc/workflows/stacking/auau_bdt_mlp_stack_production_driver.sh	scripts/sdcc/workflows/auau_bdt_mlp_stack_production_driver.sh	scripts/sdcc/workflows/stacking/auau_bdt_mlp_stack_production_driver.sh	compat_or_canonical
scripts/promote_auau_stacked_bdt_mlp.py	scripts/ml/stacking/promote_auau_stacked_bdt_mlp.py	scripts/ml/stacking/promote_auau_stacked_bdt_mlp.py	scripts/ml/promote_auau_stacked_bdt_mlp.py	scripts/ml/stacking/promote_auau_stacked_bdt_mlp.py	compat_or_canonical
scripts/make_auau_bdt_training_closure.py	scripts/plotting/auau_bdt/make_auau_bdt_training_closure.py	scripts/plotting/auau_bdt/make_auau_bdt_training_closure.py	scripts/plotting/make_auau_bdt_training_closure.py	scripts/plotting/auau_bdt/make_auau_bdt_training_closure.py	compat_or_canonical
scripts/make_auau_bdt_mlp_stack_roc_overlay.py	scripts/plotting/auau_bdt/stacking/make_auau_bdt_mlp_stack_roc_overlay.py	scripts/plotting/auau_bdt/stacking/make_auau_bdt_mlp_stack_roc_overlay.py	scripts/plotting/make_auau_bdt_mlp_stack_roc_overlay.py	scripts/plotting/auau_bdt/stacking/make_auau_bdt_mlp_stack_roc_overlay.py	compat_or_canonical
scripts/make_auau_bdt_mlp_stack_score_separation.py	scripts/plotting/auau_bdt/stacking/make_auau_bdt_mlp_stack_score_separation.py	scripts/plotting/auau_bdt/stacking/make_auau_bdt_mlp_stack_score_separation.py	scripts/plotting/make_auau_bdt_mlp_stack_score_separation.py	scripts/plotting/auau_bdt/stacking/make_auau_bdt_mlp_stack_score_separation.py	compat_or_canonical
scripts/make_auau_mlp_expert_validation_plots.py	scripts/plotting/auau_bdt/stacking/make_auau_mlp_expert_validation_plots.py	scripts/plotting/auau_bdt/stacking/make_auau_mlp_expert_validation_plots.py	scripts/plotting/make_auau_mlp_expert_validation_plots.py	scripts/plotting/auau_bdt/stacking/make_auau_mlp_expert_validation_plots.py	compat_or_canonical
scripts/make_auau_mlp_training_curves.py	scripts/plotting/auau_bdt/stacking/make_auau_mlp_training_curves.py	scripts/plotting/auau_bdt/stacking/make_auau_mlp_training_curves.py	scripts/plotting/make_auau_mlp_training_curves.py	scripts/plotting/auau_bdt/stacking/make_auau_mlp_training_curves.py	compat_or_canonical
scripts/make_auau_stacked_training_curves.py	scripts/plotting/auau_bdt/stacking/make_auau_stacked_training_curves.py	scripts/plotting/auau_bdt/stacking/make_auau_stacked_training_curves.py	scripts/plotting/make_auau_stacked_training_curves.py	scripts/plotting/auau_bdt/stacking/make_auau_stacked_training_curves.py	compat_or_canonical
scripts/make_auau_iso_visible_diagnostic_summary.py	scripts/diagnostics/ml_validation/make_auau_iso_visible_diagnostic_summary.py	scripts/diagnostics/ml_validation/make_auau_iso_visible_diagnostic_summary.py	scripts/diagnostics/make_auau_iso_visible_diagnostic_summary.py	scripts/diagnostics/ml_validation/make_auau_iso_visible_diagnostic_summary.py	compat_or_canonical
scripts/make_auau_isolation_feature_correlations.py	scripts/plotting/auau_bdt/make_auau_isolation_feature_correlations.py	scripts/plotting/auau_bdt/make_auau_isolation_feature_correlations.py	scripts/plotting/make_auau_isolation_feature_correlations.py	scripts/plotting/auau_bdt/make_auau_isolation_feature_correlations.py	compat_or_canonical
scripts/train_auau_stacked_bdt_mlp_calibrator.py	scripts/ml/stacking/train_auau_stacked_bdt_mlp_calibrator.py	scripts/ml/stacking/train_auau_stacked_bdt_mlp_calibrator.py	scripts/ml/train_auau_stacked_bdt_mlp_calibrator.py	scripts/ml/stacking/train_auau_stacked_bdt_mlp_calibrator.py	compat_or_canonical
scripts/train_auau_stacked_bdt_mlp_sweep.py	scripts/ml/stacking/train_auau_stacked_bdt_mlp_sweep.py	scripts/ml/stacking/train_auau_stacked_bdt_mlp_sweep.py	scripts/ml/train_auau_stacked_bdt_mlp_sweep.py	scripts/ml/stacking/train_auau_stacked_bdt_mlp_sweep.py	compat_or_canonical
scripts/train_auau_oof_residual_superstacker.py	scripts/ml/stacking/train_auau_oof_residual_superstacker.py	scripts/ml/stacking/train_auau_oof_residual_superstacker.py	scripts/ml/train_auau_oof_residual_superstacker.py	scripts/ml/stacking/train_auau_oof_residual_superstacker.py	compat_or_canonical
scripts/train_photon_bdt_mlp_oof_stack.py	scripts/ml/stacking/train_photon_bdt_mlp_oof_stack.py	scripts/ml/stacking/train_photon_bdt_mlp_oof_stack.py	scripts/ml/train_photon_bdt_mlp_oof_stack.py	scripts/ml/stacking/train_photon_bdt_mlp_oof_stack.py	compat_or_canonical
scripts/train_photon_bdt_mlp_oof_stack_staged.py	scripts/ml/stacking/train_photon_bdt_mlp_oof_stack_staged.py	scripts/ml/stacking/train_photon_bdt_mlp_oof_stack_staged.py	scripts/ml/train_photon_bdt_mlp_oof_stack_staged.py	scripts/ml/stacking/train_photon_bdt_mlp_oof_stack_staged.py	compat_or_canonical
scripts/auau_mlp_bdt_beating_driver.sh	scripts/sdcc/workflows/stacking/auau_mlp_bdt_beating_driver.sh	scripts/sdcc/workflows/stacking/auau_mlp_bdt_beating_driver.sh	scripts/sdcc/workflows/auau_mlp_bdt_beating_driver.sh	scripts/sdcc/workflows/stacking/auau_mlp_bdt_beating_driver.sh	compat_or_canonical
scripts/prepare_auau_bdt_target80_available_campaigns.sh	scripts/sdcc/workflows/target_wp/prepare_auau_bdt_target80_available_campaigns.sh	scripts/sdcc/workflows/target_wp/prepare_auau_bdt_target80_available_campaigns.sh	scripts/sdcc/workflows/prepare_auau_bdt_target80_available_campaigns.sh	scripts/sdcc/workflows/target_wp/prepare_auau_bdt_target80_available_campaigns.sh	compat_or_canonical
scripts/make_auau_bdt_target_wp_config.py	scripts/ml/working_points/make_auau_bdt_target_wp_config.py	scripts/ml/working_points/make_auau_bdt_target_wp_config.py	scripts/ml/make_auau_bdt_target_wp_config.py	scripts/ml/working_points/make_auau_bdt_target_wp_config.py	compat_or_canonical
scripts/make_auau_logreg_target_wp_config.py	scripts/ml/working_points/make_auau_logreg_target_wp_config.py	scripts/ml/working_points/make_auau_logreg_target_wp_config.py	scripts/ml/make_auau_logreg_target_wp_config.py	scripts/ml/working_points/make_auau_logreg_target_wp_config.py	compat_or_canonical
scripts/make_auau_mlp_target_wp_config.py	scripts/ml/working_points/make_auau_mlp_target_wp_config.py	scripts/ml/working_points/make_auau_mlp_target_wp_config.py	scripts/ml/make_auau_mlp_target_wp_config.py	scripts/ml/working_points/make_auau_mlp_target_wp_config.py	compat_or_canonical
scripts/derive_the57_full_weighted_wp80.py	scripts/ml/working_points/derive_the57_full_weighted_wp80.py	scripts/ml/working_points/derive_the57_full_weighted_wp80.py	scripts/ml/derive_the57_full_weighted_wp80.py	scripts/ml/working_points/derive_the57_full_weighted_wp80.py	compat_or_canonical
scripts/RecoilJets_Condor_AuAu.sh	scripts/sdcc/runtime/condor/RecoilJets_Condor_AuAu.sh	scripts/sdcc/runtime/condor/RecoilJets_Condor_AuAu.sh	RecoilJets_Condor_AuAu.sh	RecoilJets_Condor_AuAu.sh	hard_alias
scripts/RecoilJets_Condor_submit.sh	scripts/sdcc/runtime/condor/RecoilJets_Condor_submit.sh	scripts/sdcc/runtime/condor/RecoilJets_Condor_submit.sh	RecoilJets_Condor_submit.sh	RecoilJets_Condor_submit.sh	hard_alias
scripts/RecoilJets_Condor.sh	scripts/sdcc/runtime/condor/RecoilJets_Condor.sh	scripts/sdcc/runtime/condor/RecoilJets_Condor.sh	RecoilJets_Condor.sh	RecoilJets_Condor.sh	hard_alias
scripts/train_auau_jet_residual_bdt.py	scripts/ml/stacking/train_auau_jet_residual_bdt.py	scripts/ml/stacking/train_auau_jet_residual_bdt.py	scripts/ml/train_auau_jet_residual_bdt.py	scripts/ml/stacking/train_auau_jet_residual_bdt.py	compat_or_canonical
scripts/train_auau_photon_bdt.py	scripts/ml/training/train_auau_photon_bdt.py	scripts/ml/training/train_auau_photon_bdt.py	scripts/ml/train_auau_photon_bdt.py	scripts/ml/training/train_auau_photon_bdt.py	compat_or_canonical
scripts/train_auau_photon_logreg.py	scripts/ml/training/train_auau_photon_logreg.py	scripts/ml/training/train_auau_photon_logreg.py	scripts/ml/train_auau_photon_logreg.py	scripts/ml/training/train_auau_photon_logreg.py	compat_or_canonical
scripts/train_auau_photon_mlp.py	scripts/ml/training/train_auau_photon_mlp.py	scripts/ml/training/train_auau_photon_mlp.py	scripts/ml/train_auau_photon_mlp.py	scripts/ml/training/train_auau_photon_mlp.py	compat_or_canonical
scripts/validate_auau_tight_bdt_on_sim.py	scripts/ml/validation/validate_auau_tight_bdt_on_sim.py	scripts/ml/validation/validate_auau_tight_bdt_on_sim.py	scripts/ml/validate_auau_tight_bdt_on_sim.py	scripts/ml/validation/validate_auau_tight_bdt_on_sim.py	compat_or_canonical
scripts/validate_auau_tight_logreg_on_sim.py	scripts/ml/validation/validate_auau_tight_logreg_on_sim.py	scripts/ml/validation/validate_auau_tight_logreg_on_sim.py	scripts/ml/validate_auau_tight_logreg_on_sim.py	scripts/ml/validation/validate_auau_tight_logreg_on_sim.py	compat_or_canonical
scripts/validate_auau_tight_mlp_on_sim.py	scripts/ml/validation/validate_auau_tight_mlp_on_sim.py	scripts/ml/validation/validate_auau_tight_mlp_on_sim.py	scripts/ml/validate_auau_tight_mlp_on_sim.py	scripts/ml/validation/validate_auau_tight_mlp_on_sim.py	compat_or_canonical
macros/analysis_config.yaml	macros/analysis_config.yaml	macros/analysis_config.yaml		macros/analysis_config.yaml	compat_or_canonical
macros/analysis_config_auau_bdt_validation.yaml	macros/analysis_config_auau_bdt_validation.yaml	macros/analysis_config_auau_bdt_validation.yaml		macros/analysis_config_auau_bdt_validation.yaml	compat_or_canonical
macros/analysis_config_auau_bdt_validation_wp080.yaml	macros/analysis_config_auau_bdt_validation_wp080.yaml	macros/analysis_config_auau_bdt_validation_wp080.yaml		macros/analysis_config_auau_bdt_validation_wp080.yaml	compat_or_canonical
macros/analysis_config_auau_bdt_validation_wp080_no3x3.yaml	macros/analysis_config_auau_bdt_validation_wp080_no3x3.yaml	macros/analysis_config_auau_bdt_validation_wp080_no3x3.yaml		macros/analysis_config_auau_bdt_validation_wp080_no3x3.yaml	compat_or_canonical
macros/analysis_config_the88_bounded_sideband_default_bdt.yaml	macros/analysis_config_the88_bounded_sideband_default_bdt.yaml	macros/analysis_config_the88_bounded_sideband_default_bdt.yaml		macros/analysis_config_the88_bounded_sideband_default_bdt.yaml	compat_or_canonical
macros/analysis_config_the88a_embedded_truthiso_diagnostics.yaml	macros/analysis_config_the88a_embedded_truthiso_diagnostics.yaml	macros/analysis_config_the88a_embedded_truthiso_diagnostics.yaml		macros/analysis_config_the88a_embedded_truthiso_diagnostics.yaml	compat_or_canonical
macros/analysis_config_the95_embedded_pmt_low_calo_diagnostics.yaml	macros/analysis_config_the95_embedded_pmt_low_calo_diagnostics.yaml	macros/analysis_config_the95_embedded_pmt_low_calo_diagnostics.yaml		macros/analysis_config_the95_embedded_pmt_low_calo_diagnostics.yaml	canonical
macros/analysis_config_auau_mlp_validation.yaml	macros/analysis_config_auau_mlp_validation.yaml	macros/analysis_config_auau_mlp_validation.yaml		macros/analysis_config_auau_mlp_validation.yaml	compat_or_canonical
macros/analysis_config_auau_mlp_v2_validation.yaml	macros/analysis_config_auau_mlp_v2_validation.yaml	macros/analysis_config_auau_mlp_v2_validation.yaml		macros/analysis_config_auau_mlp_v2_validation.yaml	compat_or_canonical
macros/analysis_config_auau_bdt_widthstudy_pt1530_wp080.yaml	macros/analysis_config_auau_bdt_widthstudy_pt1530_wp080.yaml	macros/analysis_config_auau_bdt_widthstudy_pt1530_wp080.yaml		macros/analysis_config_auau_bdt_widthstudy_pt1530_wp080.yaml	compat_or_canonical
macros/analysis_config_auau_bdt_widthstudy_pt1530_wp050.yaml	macros/analysis_config_auau_bdt_widthstudy_pt1530_wp050.yaml	macros/analysis_config_auau_bdt_widthstudy_pt1530_wp050.yaml		macros/analysis_config_auau_bdt_widthstudy_pt1530_wp050.yaml	compat_or_canonical
macros/analysis_config_auau_bdt_etfine_centstudy_wp050.yaml	macros/analysis_config_auau_bdt_etfine_centstudy_wp050.yaml	macros/analysis_config_auau_bdt_etfine_centstudy_wp050.yaml		macros/analysis_config_auau_bdt_etfine_centstudy_wp050.yaml	compat_or_canonical
macros/analysis_config_auau_bdt_mlp_stack_template.yaml	macros/analysis_config_auau_bdt_mlp_stack_template.yaml	macros/analysis_config_auau_bdt_mlp_stack_template.yaml		macros/analysis_config_auau_bdt_mlp_stack_template.yaml	compat_or_canonical
macros/analysis_config_auau_bdt_base3x3_pt5to40_targetwp_template.yaml	macros/analysis_config_auau_bdt_base3x3_pt5to40_targetwp_template.yaml	macros/analysis_config_auau_bdt_base3x3_pt5to40_targetwp_template.yaml		macros/analysis_config_auau_bdt_base3x3_pt5to40_targetwp_template.yaml	compat_or_canonical
macros/analysis_config_the42_wp80_centlinear_ss_overlay.yaml	macros/analysis_config_the42_wp80_centlinear_ss_overlay.yaml	macros/analysis_config_the42_wp80_centlinear_ss_overlay.yaml		macros/analysis_config_the42_wp80_centlinear_ss_overlay.yaml	compat_or_canonical
macros/analysis_config_the79_phenix_like_raa_pp_ppg12.yaml	macros/analysis_config_the79_phenix_like_raa_pp_ppg12.yaml	macros/analysis_config_the79_phenix_like_raa_pp_ppg12.yaml		macros/analysis_config_the79_phenix_like_raa_pp_ppg12.yaml	compat_or_canonical
macros/analysis_config_the79_phenix_like_raa_auau_bdt98_wp80.yaml	macros/analysis_config_the79_phenix_like_raa_auau_bdt98_wp80.yaml	macros/analysis_config_the79_phenix_like_raa_auau_bdt98_wp80.yaml		macros/analysis_config_the79_phenix_like_raa_auau_bdt98_wp80.yaml	compat_or_canonical
macros/analysis_config_the100_auau_dualview_comparison.yaml	macros/analysis_config_the100_auau_dualview_comparison.yaml	macros/analysis_config_the100_auau_dualview_comparison.yaml		macros/analysis_config_the100_auau_dualview_comparison.yaml	canonical
macros/analysis_config_the102_auau_fig25_correlations.yaml	macros/analysis_config_the102_auau_fig25_correlations.yaml	macros/analysis_config_the102_auau_fig25_correlations.yaml		macros/analysis_config_the102_auau_fig25_correlations.yaml	canonical
macros/analysis_config_the104_canonical_minbias_isolation_base.yaml	macros/analysis_config_the104_canonical_minbias_isolation_base.yaml	macros/analysis_config_the104_canonical_minbias_isolation_base.yaml		macros/analysis_config_the104_canonical_minbias_isolation_base.yaml	canonical
macros/analysis_config_the104_canonical_minbias_isolation_phosub.yaml	macros/analysis_config_the104_canonical_minbias_isolation_phosub.yaml	macros/analysis_config_the104_canonical_minbias_isolation_phosub.yaml		macros/analysis_config_the104_canonical_minbias_isolation_phosub.yaml	canonical
macros/Calo_Calib.C	macros/Calo_Calib.C	macros/Calo_Calib.C		macros/Calo_Calib.C	compat_or_canonical
macros/Fun4All_recoilJets.C	macros/Fun4All_recoilJets.C	macros/Fun4All_recoilJets.C		macros/Fun4All_recoilJets.C	compat_or_canonical
macros/Fun4All_recoilJets_AuAu.C	macros/Fun4All_recoilJets_AuAu.C	macros/Fun4All_recoilJets_AuAu.C		macros/Fun4All_recoilJets_AuAu.C	compat_or_canonical
macros/Fun4All_auauTightBDTTraining.C	macros/Fun4All_auauTightBDTTraining.C	macros/Fun4All_auauTightBDTTraining.C		macros/Fun4All_auauTightBDTTraining.C	compat_or_canonical
macros/Fun4All_recoilJets_unified_impl.C	macros/Fun4All_recoilJets_unified_impl.C	macros/Fun4All_recoilJets_unified_impl.C		macros/Fun4All_recoilJets_unified_impl.C	compat_or_canonical
macros/PrintPPStitchDiagnostics.C	macros/diagnostics/stitching/PrintPPStitchDiagnostics.C	macros/diagnostics/stitching/PrintPPStitchDiagnostics.C	macros/PrintPPStitchDiagnostics.C	macros/diagnostics/stitching/PrintPPStitchDiagnostics.C	hard_alias
src/PhotonClusterBuilder.cc	src/PhotonClusterBuilder.cc	coresoftware_local/offline/packages/CaloReco/PhotonClusterBuilder.cc		coresoftware_local/offline/packages/CaloReco/PhotonClusterBuilder.cc	compat_or_canonical
src/PhotonClusterBuilder.h	src/PhotonClusterBuilder.h	coresoftware_local/offline/packages/CaloReco/PhotonClusterBuilder.h		coresoftware_local/offline/packages/CaloReco/PhotonClusterBuilder.h	compat_or_canonical
coresoftware_local/offline/packages/CaloReco/CaloTowerStatus.cc	coresoftware_local/offline/packages/CaloReco/CaloTowerStatus.cc	coresoftware_local/offline/packages/CaloReco/CaloTowerStatus.cc		coresoftware_local/offline/packages/CaloReco/CaloTowerStatus.cc	compat_or_canonical
coresoftware_local/offline/packages/CaloReco/CaloTowerStatus.h	coresoftware_local/offline/packages/CaloReco/CaloTowerStatus.h	coresoftware_local/offline/packages/CaloReco/CaloTowerStatus.h		coresoftware_local/offline/packages/CaloReco/CaloTowerStatus.h	compat_or_canonical
coresoftware_local/offline/packages/CaloReco/BEmcRecCEMC.cc	coresoftware_local/offline/packages/CaloReco/BEmcRecCEMC.cc	coresoftware_local/offline/packages/CaloReco/BEmcRecCEMC.cc		coresoftware_local/offline/packages/CaloReco/BEmcRecCEMC.cc	compat_or_canonical
coresoftware_local/offline/packages/CaloReco/BEmcRecCEMC.h	coresoftware_local/offline/packages/CaloReco/BEmcRecCEMC.h	coresoftware_local/offline/packages/CaloReco/BEmcRecCEMC.h		coresoftware_local/offline/packages/CaloReco/BEmcRecCEMC.h	compat_or_canonical
coresoftware_local/offline/packages/CaloReco/RawClusterBuilderTemplate.cc	coresoftware_local/offline/packages/CaloReco/RawClusterBuilderTemplate.cc	coresoftware_local/offline/packages/CaloReco/RawClusterBuilderTemplate.cc		coresoftware_local/offline/packages/CaloReco/RawClusterBuilderTemplate.cc	compat_or_canonical
coresoftware_local/offline/packages/CaloReco/RawClusterBuilderTopo.cc	coresoftware_local/offline/packages/CaloReco/RawClusterBuilderTopo.cc	coresoftware_local/offline/packages/CaloReco/RawClusterBuilderTopo.cc		coresoftware_local/offline/packages/CaloReco/RawClusterBuilderTopo.cc	compat_or_canonical
coresoftware_local/offline/packages/CaloBase/RawTowerDefs.h	coresoftware_local/offline/packages/CaloBase/RawTowerDefs.h	coresoftware_local/offline/packages/CaloBase/RawTowerDefs.h		coresoftware_local/offline/packages/CaloBase/RawTowerDefs.h	compat_or_canonical
src/RecoilJets.cc	src/RecoilJets.cc	src/RecoilJets.cc		src/RecoilJets.cc	compat_or_canonical
src/RecoilJets.h	src/RecoilJets.h	src/RecoilJets.h		src/RecoilJets.h	compat_or_canonical
src/PPG12SimWeight.h	src/PPG12SimWeight.h	src/PPG12SimWeight.h		src/PPG12SimWeight.h	compat_or_canonical
src_AuAu/configure.ac	src_AuAu/configure.ac	src_AuAu/configure.ac		src_AuAu/configure.ac	compat_or_canonical
src_AuAu/Makefile.am	src_AuAu/Makefile.am	src_AuAu/Makefile.am		src_AuAu/Makefile.am	compat_or_canonical
src_AuAu/RecoilJets_AuAu.cc	src_AuAu/RecoilJets_AuAu.cc	src_AuAu/RecoilJets_AuAu.cc		src_AuAu/RecoilJets_AuAu.cc	compat_or_canonical
src_AuAu/RecoilJets_AuAu.h	src_AuAu/RecoilJets_AuAu.h	src_AuAu/RecoilJets_AuAu.h		src_AuAu/RecoilJets_AuAu.h	compat_or_canonical
scripts/diagnostics/pp_currentian/compare_ppg12_recoiljets_same_cluster_features.py	scripts/diagnostics/pp_currentian/compare_ppg12_recoiljets_same_cluster_features.py	scripts/diagnostics/pp_currentian/compare_ppg12_recoiljets_same_cluster_features.py		scripts/diagnostics/pp_currentian/compare_ppg12_recoiljets_same_cluster_features.py	canonical
scripts/diagnostics/pp_currentian/run_ppg12_photon_oracle_canary_audit.py	scripts/diagnostics/pp_currentian/run_ppg12_photon_oracle_canary_audit.py	scripts/diagnostics/pp_currentian/run_ppg12_photon_oracle_canary_audit.py		scripts/diagnostics/pp_currentian/run_ppg12_photon_oracle_canary_audit.py	canonical
scripts/diagnostics/pp_currentian/instrument_ppg12_recoeff_trace.py	scripts/diagnostics/pp_currentian/instrument_ppg12_recoeff_trace.py	scripts/diagnostics/pp_currentian/instrument_ppg12_recoeff_trace.py		scripts/diagnostics/pp_currentian/instrument_ppg12_recoeff_trace.py	canonical
scripts/diagnostics/pp_currentian/extract_ppg12_recoeff_executable_aggregate.py	scripts/diagnostics/pp_currentian/extract_ppg12_recoeff_executable_aggregate.py	scripts/diagnostics/pp_currentian/extract_ppg12_recoeff_executable_aggregate.py		scripts/diagnostics/pp_currentian/extract_ppg12_recoeff_executable_aggregate.py	canonical
scripts/diagnostics/pp_currentian/produce_ppg12_stitched_purity_evidence.py	scripts/diagnostics/pp_currentian/produce_ppg12_stitched_purity_evidence.py	scripts/diagnostics/pp_currentian/produce_ppg12_stitched_purity_evidence.py		scripts/diagnostics/pp_currentian/produce_ppg12_stitched_purity_evidence.py	canonical
scripts/diagnostics/pp_currentian/ppg12_stitched_purity_closure_gate.py	scripts/diagnostics/pp_currentian/ppg12_stitched_purity_closure_gate.py	scripts/diagnostics/pp_currentian/ppg12_stitched_purity_closure_gate.py		scripts/diagnostics/pp_currentian/ppg12_stitched_purity_closure_gate.py	canonical
scripts/diagnostics/pp_currentian/assemble_ppg12_stitched_purity_manifest.py	scripts/diagnostics/pp_currentian/assemble_ppg12_stitched_purity_manifest.py	scripts/diagnostics/pp_currentian/assemble_ppg12_stitched_purity_manifest.py		scripts/diagnostics/pp_currentian/assemble_ppg12_stitched_purity_manifest.py	canonical
scripts/diagnostics/pp_currentian/extract_ppg12_stitched_purity_lane.py	scripts/diagnostics/pp_currentian/extract_ppg12_stitched_purity_lane.py	scripts/diagnostics/pp_currentian/extract_ppg12_stitched_purity_lane.py		scripts/diagnostics/pp_currentian/extract_ppg12_stitched_purity_lane.py	canonical
scripts/data_prep/manifests/build_ppg12_paired_source_manifest.py	scripts/data_prep/manifests/build_ppg12_paired_source_manifest.py	scripts/data_prep/manifests/build_ppg12_paired_source_manifest.py		scripts/data_prep/manifests/build_ppg12_paired_source_manifest.py	canonical
scripts/sdcc/workflows/diagnostics/submit_ppg12_stitched_purity_photon_canaries.sh	scripts/sdcc/workflows/diagnostics/submit_ppg12_stitched_purity_photon_canaries.sh	scripts/sdcc/workflows/diagnostics/submit_ppg12_stitched_purity_photon_canaries.sh		scripts/sdcc/workflows/diagnostics/submit_ppg12_stitched_purity_photon_canaries.sh	canonical
scripts/sdcc/workflows/diagnostics/ppg12_paired_oracle_condor_fanout.py	scripts/sdcc/workflows/diagnostics/ppg12_paired_oracle_condor_fanout.py	scripts/sdcc/workflows/diagnostics/ppg12_paired_oracle_condor_fanout.py		scripts/sdcc/workflows/diagnostics/ppg12_paired_oracle_condor_fanout.py	canonical
scripts/sdcc/workflows/diagnostics/build_ppg12_oracle_new17_runtime.sh	scripts/sdcc/workflows/diagnostics/build_ppg12_oracle_new17_runtime.sh	scripts/sdcc/workflows/diagnostics/build_ppg12_oracle_new17_runtime.sh		scripts/sdcc/workflows/diagnostics/build_ppg12_oracle_new17_runtime.sh	canonical
scripts/sdcc/workflows/diagnostics/run_ppg12_recoiljets_paired_oracle.sh	scripts/sdcc/workflows/diagnostics/run_ppg12_recoiljets_paired_oracle.sh	scripts/sdcc/workflows/diagnostics/run_ppg12_recoiljets_paired_oracle.sh		scripts/sdcc/workflows/diagnostics/run_ppg12_recoiljets_paired_oracle.sh	canonical
scripts/sdcc/workflows/diagnostics/run_ppg12_recoiljets_paired_oracle_worker.sh	scripts/sdcc/workflows/diagnostics/run_ppg12_recoiljets_paired_oracle_worker.sh	scripts/sdcc/workflows/diagnostics/run_ppg12_recoiljets_paired_oracle_worker.sh		scripts/sdcc/workflows/diagnostics/run_ppg12_recoiljets_paired_oracle_worker.sh	canonical
scripts/diagnostics/pp_currentian/audit_ppg12_recoiljets_paired_oracle.py	scripts/diagnostics/pp_currentian/audit_ppg12_recoiljets_paired_oracle.py	scripts/diagnostics/pp_currentian/audit_ppg12_recoiljets_paired_oracle.py		scripts/diagnostics/pp_currentian/audit_ppg12_recoiljets_paired_oracle.py	canonical
macros/diagnostics/pp_currentian/Fun4All_ppg12_fixed_seed_oracle.C	macros/diagnostics/pp_currentian/Fun4All_ppg12_fixed_seed_oracle.C	macros/diagnostics/pp_currentian/Fun4All_ppg12_fixed_seed_oracle.C		macros/diagnostics/pp_currentian/Fun4All_ppg12_fixed_seed_oracle.C	canonical
macros/diagnostics/pp_currentian/Fun4All_recoiljets_fixed_seed_oracle.C	macros/diagnostics/pp_currentian/Fun4All_recoiljets_fixed_seed_oracle.C	macros/diagnostics/pp_currentian/Fun4All_recoiljets_fixed_seed_oracle.C		macros/diagnostics/pp_currentian/Fun4All_recoiljets_fixed_seed_oracle.C	canonical
src/configure.ac	src/configure.ac	src/configure.ac		src/configure.ac	canonical
src/Makefile.am	src/Makefile.am	src/Makefile.am		src/Makefile.am	canonical
src/autogen.sh	src/autogen.sh	src/autogen.sh		src/autogen.sh	canonical
